"Guid","AssistantName","AssistantPhone","Birthdate","Department","Description","Email","EmailBouncedReason","Fax","FirstName","HomePhone","Jigsaw","LastName","LeadSource","MailingCity","MailingCountry","MailingGeocodeAccuracy","MailingLatitude","MailingLongitude","MailingPostalCode","MailingState","MailingStreet","MobilePhone","OtherCity","OtherCountry","OtherGeocodeAccuracy","OtherLatitude","OtherLongitude","OtherPhone","OtherPostalCode","OtherState","OtherStreet","Phone","Salutation","Title"
020a6334-2f40-4549-b05c-b74b3bb8158d,"#N/A","#N/A","#N/A","#N/A","#N/A","#N/A","#N/A","#N/A",Rinku,"#N/A","#N/A",Sharma,"#N/A","#N/A","#N/A","#N/A","#N/A","#N/A","#N/A","#N/A","#N/A","#N/A","#N/A","#N/A","#N/A","#N/A","#N/A","#N/A","#N/A","#N/A","#N/A","#N/A","#N/A","#N/A"
0bf32906-791c-4f8d-8764-d875b433a5df,Test,564544545646,2020-10-13,Testdeoart,RestTestRestTestRestTestRestTestRestTestRestTest,vishnu@gmial.com,"#N/A",215165165564,Vishnu,656465456456456,"#N/A",Sharma,Advertisement,Jaipur,India,"#N/A","#N/A","#N/A",302020,rajasthan,Kalyan,(755) 456-8798,jaipur,bengal,"#N/A","#N/A","#N/A",565454545,302525,punjab,Test,(965) 325-6897,"#N/A",Manwild
373e9c01-fd7f-4609-99e8-23f563f4d7b8,"#N/A","#N/A","#N/A","#N/A","#N/A","#N/A","#N/A","#N/A",Mohan,"#N/A","#N/A",singh,"#N/A","#N/A","#N/A","#N/A","#N/A","#N/A","#N/A","#N/A","#N/A","#N/A","#N/A","#N/A","#N/A","#N/A","#N/A","#N/A","#N/A","#N/A","#N/A","#N/A","#N/A","#N/A"
41ce3577-3940-4d28-a3bd-f1430fe593e4,"#N/A","#N/A","#N/A","#N/A","#N/A","#N/A","#N/A","#N/A",Mohan,"#N/A","#N/A",singh,"#N/A","#N/A","#N/A","#N/A","#N/A","#N/A","#N/A","#N/A","#N/A","#N/A","#N/A","#N/A","#N/A","#N/A","#N/A","#N/A","#N/A","#N/A","#N/A","#N/A","#N/A","#N/A"
53ab07e5-c82f-4cdb-893a-4492f0271f86,"#N/A","#N/A","#N/A","#N/A","#N/A","#N/A","#N/A","#N/A",vishnu,"#N/A","#N/A",sharma,"#N/A","#N/A","#N/A","#N/A","#N/A","#N/A","#N/A","#N/A","#N/A","#N/A","#N/A","#N/A","#N/A","#N/A","#N/A","#N/A","#N/A","#N/A","#N/A","#N/A",Mr.,"#N/A"
53fe58eb-408b-4b80-b3ab-2ce2e54e2a65,"#N/A","#N/A","#N/A","#N/A","#N/A","#N/A","#N/A","#N/A",Rakesh,"#N/A","#N/A",Singh,"#N/A","#N/A","#N/A","#N/A","#N/A","#N/A","#N/A","#N/A","#N/A","#N/A","#N/A","#N/A","#N/A","#N/A","#N/A","#N/A","#N/A","#N/A","#N/A","#N/A","#N/A","#N/A"
56f5a3ca-6d85-4bb9-9953-266ef2d4a7ce,"#N/A","#N/A","#N/A","#N/A","#N/A","#N/A","#N/A","#N/A",Rakesh,"#N/A","#N/A",Singh,"#N/A","#N/A","#N/A","#N/A","#N/A","#N/A","#N/A","#N/A","#N/A","#N/A","#N/A","#N/A","#N/A","#N/A","#N/A","#N/A","#N/A","#N/A","#N/A","#N/A","#N/A","#N/A"
60e99f7f-0531-4473-a77f-da7493e55fb8,"#N/A","#N/A","#N/A","#N/A","#N/A","#N/A","#N/A","#N/A",vishal,"#N/A","#N/A",Sharma,"#N/A","#N/A","#N/A","#N/A","#N/A","#N/A","#N/A","#N/A","#N/A","#N/A","#N/A","#N/A","#N/A","#N/A","#N/A","#N/A","#N/A","#N/A","#N/A","#N/A",Mr.,"#N/A"
7a987e00-25ea-47bc-bc77-0b4122c30c29,"#N/A","#N/A","#N/A","#N/A","#N/A","#N/A","#N/A","#N/A",vishnu,"#N/A","#N/A",sharma,"#N/A","#N/A","#N/A","#N/A","#N/A","#N/A","#N/A","#N/A","#N/A","#N/A","#N/A","#N/A","#N/A","#N/A","#N/A","#N/A","#N/A","#N/A","#N/A","#N/A",Mr.,"#N/A"
a618c26b-4014-46a1-a1e1-c459466ef13f,"#N/A","#N/A","#N/A","#N/A","#N/A","#N/A","#N/A","#N/A",Roshan,"#N/A","#N/A",sharma,"#N/A","#N/A","#N/A","#N/A","#N/A","#N/A","#N/A","#N/A","#N/A","#N/A","#N/A","#N/A","#N/A","#N/A","#N/A","#N/A","#N/A","#N/A","#N/A","#N/A","#N/A","#N/A"
cf5b468a-2414-4825-94e8-02ecfac36430,"#N/A","#N/A","#N/A","#N/A","#N/A","#N/A","#N/A","#N/A",vishal,"#N/A","#N/A",Sharma,"#N/A","#N/A","#N/A","#N/A","#N/A","#N/A","#N/A","#N/A","#N/A","#N/A","#N/A","#N/A","#N/A","#N/A","#N/A","#N/A","#N/A","#N/A","#N/A","#N/A",Mr.,"#N/A"
e4c23c23-a075-4659-a535-6738a07b8c8a,"#N/A","#N/A","#N/A","#N/A","#N/A","#N/A","#N/A","#N/A",Rinku,"#N/A","#N/A",Sharma,"#N/A","#N/A","#N/A","#N/A","#N/A","#N/A","#N/A","#N/A","#N/A","#N/A","#N/A","#N/A","#N/A","#N/A","#N/A","#N/A","#N/A","#N/A","#N/A","#N/A","#N/A","#N/A"
fbd3d582-e101-44cd-81ba-8228753cb0ba,"#N/A","#N/A","#N/A","#N/A","#N/A","#N/A","#N/A","#N/A",Roshan,"#N/A","#N/A",sharma,"#N/A","#N/A","#N/A","#N/A","#N/A","#N/A","#N/A","#N/A","#N/A","#N/A","#N/A","#N/A","#N/A","#N/A","#N/A","#N/A","#N/A","#N/A","#N/A","#N/A","#N/A","#N/A"
